[{"id":"6281319697812@c.us","nama":"Mpuss","umur":"16"},{"id":"62895705614969@c.us","nama":"eriickk","umur":"19"},{"id":"6283871760857@c.us","nama":"Syahrul","umur":"18"},{"id":"6281289357876@c.us","nama":"hadoo","umur":"19"},{"id":"6285702801445@c.us","nama":"anjing","umur":"17"},{"id":"6285747852482@c.us","nama":"ambrose","umur":"20"},{"id":"6289613991938@c.us","nama":"asu","umur":"20"},{"id":"6289612330646@c.us","nama":"malika","umur":"16"},{"id":"6289637494604@c.us","nama":"faizal","umur":"18"}]